Metric,Precision,Precision,Precision,Precision,Recall,Recall,Recall,Recall
Benchmark,exam_timetabling,golomb,nurse_rostering,sudoku,exam_timetabling,golomb,nurse_rostering,sudoku
CategoricalNB,0.923739266,1,0.930119197,0.61189095,0.899404225,1,0.872275494,0.992792629
CN2,0.412529287,1,0.833718743,0.884143985,0.572975683,1,1,0.95590149
countcp,0.905883392,1,1,1,1,1,0.861157263,0.807117471
DT,0.899973777,1,0.957346775,0.988771372,1,1,1,0.992613118
KNN,0.904682423,1,0.932507865,0.940492329,0.996196814,1,1,0.966614666
MLP,0.931763126,1,0.911379431,0.983128185,0.92163637,1,0.991697408,0.98709276
random_forest,0.903973471,1,0.957346775,0.968467508,1,1,1,0.967575189
