Metric,Precision,Precision,Precision,Precision,Recall,Recall,Recall,Recall
Benchmark,exam_timetabling,golomb,nurse_rostering,sudoku,exam_timetabling,golomb,nurse_rostering,sudoku
CategoricalNB,0.9315460945010936,1.0,0.9374106313569752,0.6546235705996601,0.892626858153531,1.0,0.8722754937334787,0.9843642431429784
CN2,0.8307027226098376,1.0,0.8810915674147032,0.7460019987049678,0.8722432489701685,1.0,0.9994825178956496,0.9324142299369886
countcp,0.0,0.0,0.0,0.0,0.0,0.0,0.0,0.0
DT,0.9139285583272252,1.0,0.9573467749310904,0.9663141163673156,1.0,1.0,0.9996786477722353,0.9776515842607796
KNN,0.8909606776477823,0.9,0.9225709986335734,0.942968904230643,0.7119933521465625,0.697360910694244,0.6568702347736128,0.8085277033251652
MLP,0.9861581002964952,1.0,0.9510348105151148,0.9969132844730768,0.8247514042842929,1.0,0.9684972113351878,0.9601739479316632
random_forest,0.90849145080843,1.0,0.9577163960486624,0.9921683791280124,0.9854076058422618,1.0,0.9985854354445038,0.9564787803813932
