Metric,Precision,Precision,Precision,Precision,Recall,Recall,Recall,Recall
Benchmark,exam_timetabling,golomb,nurse_rostering,sudoku,exam_timetabling,golomb,nurse_rostering,sudoku
CategoricalNB,0.9591261199984128,1.0,0.9419841165919473,0.6307569940270612,0.8931057853565961,1.0,0.8722754937334787,0.9860697941373228
CN2,0.9058833916496322,1.0,0.987813364266026,0.9740602433038472,1.0,1.0,1.0,0.9409420686930826
countcp,0.9058833916496322,1.0,1.0,1.0,1.0,1.0,0.8611572628047822,0.807117471214834
DT,0.9036916679982044,1.0,0.9573467749310904,0.9748130279082546,0.9898740864282436,1.0,1.0,0.985132932483338
KNN,0.9054266205621664,1.0,0.932507865342072,0.940880721373482,0.9961968138494176,1.0,1.0,0.9666146656619226
MLP,0.9243142317022336,1.0,0.9401067462626232,0.9896806992546796,0.891831457343969,1.0,0.987161831980348,0.9812798938221522
random_forest,0.9105120773062076,1.0,0.9587226854171844,0.9805625251555298,0.9999914617486338,1.0,1.0,0.9705029308019506
