Metric,Precision,Precision,Precision,Precision,Precision,Recall,Recall,Recall,Recall,Recall
Benchmark,exam_timetabling,golomb,nurse_rostering,sudoku,Average,exam_timetabling,golomb,nurse_rostering,sudoku,Average
CategoricalNB,0.959632259,1,0.941661485,0.639109461,0.885100801,0.893105785,1,0.872275494,0.985740833,0.937780528
CN2,0.628044502,1,0.898703171,0.726074245,0.813205479,0.724641576,1,0.996585095,0.952031941,0.918314653
countcp,0.120689655,0,0,0,0.030172414,0.013008373,0,0,0,0.003252093
DT,0.903691668,1,0.957346775,0.973540271,0.958644679,0.989874086,1,1,0.98001843,0.992473129
KNN,0.911927188,1,0.93793796,0.943620288,0.948371359,0.909880496,1,0.92013311,0.922111183,0.938031197
MLP,0.943873279,1,0.951754297,0.999960606,0.973897046,0.850755595,1,0.973334453,0.95996444,0.946013622
random_forest,0.905802788,1,0.957346775,0.987900837,0.9627626,0.999402951,1,1,0.973325411,0.993182091
