Metric,Precision,Precision,Precision,Precision,Recall,Recall,Recall,Recall
Benchmark,exam_timetabling,golomb,nurse_rostering,sudoku,exam_timetabling,golomb,nurse_rostering,sudoku
CategoricalNB,0.923739266,1,0.922096001,0.590002959,0.899404225,1,0.872275494,0.994435414
CN2,0.407653115,1,0.87056321,0.850091725,0.564646681,1,1,0.952141963
countcp,0.905883392,1,1,1,1,1,0.861157263,0.807117471
DT,0.903691668,1,0.957346775,0.961038887,0.989874086,1,1,0.967517046
KNN,0.905426621,1,0.930391183,0.93901061,0.996196814,1,1,0.966614666
MLP,0.948022583,1,0.894692036,0.986885005,0.908560987,1,0.970084965,0.977821674
random_forest,0.901568855,1,0.957346775,0.975211803,1,1,1,0.976758014
