Metric,Precision,Precision,Precision,Precision,Recall,Recall,Recall,Recall
Benchmark,exam_timetabling,golomb,nurse_rostering,sudoku,exam_timetabling,golomb,nurse_rostering,sudoku
CategoricalNB,0.9305635315837282,1.0,0.9362309465442,0.648657301484459,0.8884112001556911,1.0,0.8722754937334787,0.9848035040964024
CN2,0.861538816404302,1.0,0.9007756669042845,0.7357421790232759,0.9074496667486062,1.0,0.9953220017634032,0.9257585708662086
countcp,0.0,0.0,0.0,0.0,0.0,0.0,0.0,0.0
DT,0.9128498861431632,1.0,0.9578533512424332,0.976269987788373,1.0,1.0,0.999424922503281,0.9793454501851828
KNN,0.9066588252145537,1.0,0.933561804325426,0.9427775234535224,0.7778965802180275,0.8554166820833484,0.7410204817969573,0.7967990498341
MLP,0.9817938966476562,1.0,0.93356118099648,1.0,0.830683412114134,1.0,0.9857358198982056,0.9582994238563882
random_forest,0.9064072119272896,1.0,0.9573467749310904,0.9976402241325036,0.982654721201368,1.0,0.9983540720526104,0.9751661580979774
