Metric,Precision,Precision,Precision,Precision,Recall,Recall,Recall,Recall
Benchmark,exam_timetabling,golomb,nurse_rostering,sudoku,exam_timetabling,golomb,nurse_rostering,sudoku
CategoricalNB,0.896014944,1,0.8925206,0.574053523,0.899404225,1,0.873525076,0.994702419
CN2,0.410077023,1,0.864958749,0.890978031,0.583814559,1,1,0.950291116
countcp,0.905883392,1,1,1,1,1,0.861157263,0.807117471
DT,0.902243556,1,0.957346775,0.976269988,1,1,1,0.980111734
KNN,0.90508073,1,0.932034315,0.927755402,0.996196814,1,1,0.96674238
MLP,0.960116277,1,0.929007209,0.976522341,0.902741212,1,0.985575144,0.992050346
random_forest,0.888999702,1,0.956881992,0.983466927,1,1,1,0.988328374
