Metric,Precision,Precision,Precision,Precision,Recall,Recall,Recall,Recall
Benchmark,exam_timetabling,golomb,nurse_rostering,sudoku,exam_timetabling,golomb,nurse_rostering,sudoku
CategoricalNB,0.9300747730304536,1.0,0.934326983503856,0.6443661311078684,0.8888901273587563,1.0,0.8722754937334787,0.9856747823650532
CN2,0.8248312243958928,1.0,0.9052079605528676,0.7615907310868499,0.8940844359926163,1.0,0.9935906097658704,0.9248296625114332
countcp,0.0,0.0,0.0,0.0,0.0,0.0,0.0,0.0
DT,0.912657411853662,1.0,0.9573467749310904,0.9623116435741887,0.997422087902896,1.0,1.0,0.9726315481492724
KNN,0.9042659011077372,1.0,0.934915766187166,0.94082041209618,0.8247585437729213,0.9160984694318028,0.8011272302777492,0.8615244198917411
MLP,0.9522754852592438,1.0,0.9510809442379236,0.9999628151416744,0.8331929643113087,1.0,0.9835233223897224,0.96067700419887
random_forest,0.9057478091310528,1.0,0.9578533512424332,0.9962203098484816,0.998163798877872,1.0,0.9994825178956492,0.97083374729202
